<?xml version="1.0" encoding="UTF-8" standalone="yes"?>
<project withCertificates="false" backupVersion="2.0" openedwith="JS_EDITOR" subsystem="1" system="2" description="Mobile app built with Appery.io" systemTags="1" name="Vegetable Direct">
    <asset type="120" name="mobileNative" id="3051078" compressed="false"/>
    <asset type="50" name="startScreen" id="3051079" compressed="false"/>
    <asset type="50" name="mapScreen" id="3051092" compressed="false"/>
    <asset type="50" name="detailScreen" id="3051093" compressed="false"/>
    <asset type="220" name="vegetable_direct_settings" id="3051108" compressed="false"/>
    <asset type="90" name="vegetable_direct_Districts_list_service" id="3051109" compressed="false"/>
    <asset type="90" name="vegetable_direct_Districts_query_service" id="3051110" compressed="false"/>
    <asset type="90" name="vegetable_direct_Places_list_service" id="3051111" compressed="false"/>
    <asset type="90" name="vegetable_direct_Places_query_service" id="3051112" compressed="false"/>
    <asset type="90" name="vegetable_direct_Details_list_service" id="3051113" compressed="false"/>
    <asset type="90" name="vegetable_direct_Details_query_service" id="3051114" compressed="false"/>
    <asset type="230" name="Project metadata" id="3051115" compressed="false"/>
    <asset type="90" name="ConvertAddr" id="3051123" compressed="false"/>
    <asset type="60" name="locationHelper" id="3051125" compressed="false"/>
</project>
